{
    "attributes": {
        "name": "Mesh"
    }, 
    "dea": {}, 
    "dfa": {}, 
    "dva": {
        "x": 0.0, 
        "y": 0.0, 
        "z": 0.0
    }, 
    "edgedata": {}, 
    "face": {
        "0": [
            "0", 
            "3", 
            "2", 
            "1"
        ], 
        "1": [
            "4", 
            "5", 
            "6", 
            "7"
        ], 
        "2": [
            "3", 
            "0", 
            "4", 
            "7"
        ], 
        "3": [
            "2", 
            "3", 
            "7", 
            "6"
        ], 
        "4": [
            "1", 
            "2", 
            "6", 
            "5"
        ], 
        "5": [
            "0", 
            "1", 
            "5", 
            "4"
        ]
    }, 
    "facedata": {
        "0": {}, 
        "1": {}, 
        "2": {}, 
        "3": {}, 
        "4": {}, 
        "5": {}
    }, 
    "max_int_fkey": 5, 
    "max_int_key": 7, 
    "vertex": {
        "0": {
            "x": 1.6977674456402192, 
            "y": 1.2224589938563177, 
            "z": 3.5822619066221337
        }, 
        "1": {
            "x": 1.8080055118006668, 
            "y": 1.0668411707718692, 
            "z": 3.5779435357912961
        }, 
        "2": {
            "x": 1.6629843793215193, 
            "y": 0.98311047429412857, 
            "z": 3.2102793678805508
        }, 
        "3": {
            "x": 1.5709771270424611, 
            "y": 1.1144791029854288, 
            "z": 3.2176983135196782
        }, 
        "4": {
            "x": 1.7523594098931983, 
            "y": 1.2110793359392367, 
            "z": 3.5201316231367072
        }, 
        "5": {
            "x": 1.8147573218915247, 
            "y": 1.1233746913162319, 
            "z": 3.5175946007932866
        }, 
        "6": {
            "x": 1.69854534415176, 
            "y": 1.0562398767832231, 
            "z": 3.2237438867015755
        }, 
        "7": {
            "x": 1.6508901924034274, 
            "y": 1.1246327114163719, 
            "z": 3.2275083081020028
        }
    }
}